{
  "v": "5.7.11",
  "fr": 30,
  "ip": 0,
  "op": 41,
  "w": 320,
  "h": 275,
  "nm": "icon17_Arrows",
  "ddd": 0,
  "assets": [],
  "layers": [
    {
      "ddd": 0,
      "ind": 1,
      "ty": 4,
      "nm": "Layer 2",
      "sr": 1,
      "ks": { "o": { "a": 0, "k": 100, "ix": 11 }, "r": { "a": 0, "k": 0, "ix": 10 }, "p": { "a": 1, "k": [{ "i": { "x": 0.667, "y": 1 }, "o": { "x": 0.333, "y": 0 }, "t": 0, "s": [160, 137.5, 0], "e": [160, 107.5, 0], "to": [0, -5, 0], "ti": [0, 0, 0] }, { "i": { "x": 0.667, "y": 1 }, "o": { "x": 0.333, "y": 0 }, "t": 20, "s": [160, 107.5, 0], "e": [160, 137.5, 0], "to": [0, 0, 0], "ti": [0, -5, 0] }, { "t": 40 }], "ix": 2, "l": 2 }, "a": { "a": 0, "k": [0, 0, 0], "ix": 1, "l": 2 }, "s": { "a": 0, "k": [666, 666, 100], "ix": 6, "l": 2 } },
      "ao": 0,
      "shapes": [
        {
          "ty": "gr",
          "it": [
            {
              "ind": 0,
              "ty": "sh",
              "ix": 1,
              "ks": {
                "a": 0,
                "k": {
                  "i": [
                    [0, 0],
                    [0, 0]
                  ],
                  "o": [
                    [0, 0],
                    [0, 0]
                  ],
                  "v": [
                    [5.238, -10.23],
                    [5.238, 1.294]
                  ],
                  "c": false
                },
                "ix": 2
              },
              "nm": "Path 1",
              "mn": "ADBE Vector Shape - Group",
              "hd": false
            },
            {
              "ind": 1,
              "ty": "sh",
              "ix": 2,
              "ks": {
                "a": 0,
                "k": {
                  "i": [
                    [0, 0],
                    [0, 0]
                  ],
                  "o": [
                    [0, 0],
                    [0, 0]
                  ],
                  "v": [
                    [5.238, -10.23],
                    [9.559, -5.908]
                  ],
                  "c": false
                },
                "ix": 2
              },
              "nm": "Path 2",
              "mn": "ADBE Vector Shape - Group",
              "hd": false
            },
            {
              "ind": 2,
              "ty": "sh",
              "ix": 3,
              "ks": {
                "a": 0,
                "k": {
                  "i": [
                    [0, 0],
                    [0, 0]
                  ],
                  "o": [
                    [0, 0],
                    [0, 0]
                  ],
                  "v": [
                    [0.917, -5.908],
                    [5.238, -10.23]
                  ],
                  "c": false
                },
                "ix": 2
              },
              "nm": "Path 3",
              "mn": "ADBE Vector Shape - Group",
              "hd": false
            },
            { "ty": "st", "c": { "a": 0, "k": [1, 1, 1, 1], "ix": 3 }, "o": { "a": 0, "k": 100, "ix": 4 }, "w": { "a": 0, "k": 2.716, "ix": 5 }, "lc": 2, "lj": 2, "bm": 0, "nm": "Stroke 1", "mn": "ADBE Vector Graphic - Stroke", "hd": false },
            { "ty": "tr", "p": { "a": 0, "k": [0, 0], "ix": 2 }, "a": { "a": 0, "k": [0, 0], "ix": 1 }, "s": { "a": 0, "k": [100, 100], "ix": 3 }, "r": { "a": 0, "k": 0, "ix": 6 }, "o": { "a": 0, "k": 100, "ix": 7 }, "sk": { "a": 0, "k": 0, "ix": 4 }, "sa": { "a": 0, "k": 0, "ix": 5 }, "nm": "Transform" }
          ],
          "nm": "Group 1",
          "np": 4,
          "cix": 2,
          "bm": 0,
          "ix": 1,
          "mn": "ADBE Vector Group",
          "hd": false
        }
      ],
      "ip": 0,
      "op": 150,
      "st": 0,
      "bm": 0
    },
    {
      "ddd": 0,
      "ind": 2,
      "ty": 4,
      "nm": "Layer 1",
      "sr": 1,
      "ks": { "o": { "a": 0, "k": 100, "ix": 11 }, "r": { "a": 0, "k": 0, "ix": 10 }, "p": { "a": 1, "k": [{ "i": { "x": 0.667, "y": 1 }, "o": { "x": 0.333, "y": 0 }, "t": 0, "s": [160, 137.5, 0], "e": [160, 167.5, 0], "to": [0, 5, 0], "ti": [0, 0, 0] }, { "i": { "x": 0.667, "y": 1 }, "o": { "x": 0.333, "y": 0 }, "t": 20, "s": [160, 167.5, 0], "e": [160, 137.5, 0], "to": [0, 0, 0], "ti": [0, 5, 0] }, { "t": 40 }], "ix": 2, "l": 2 }, "a": { "a": 0, "k": [0, 0, 0], "ix": 1, "l": 2 }, "s": { "a": 0, "k": [666, 666, 100], "ix": 6, "l": 2 } },
      "ao": 0,
      "shapes": [
        {
          "ty": "gr",
          "it": [
            {
              "ind": 0,
              "ty": "sh",
              "ix": 1,
              "ks": {
                "a": 0,
                "k": {
                  "i": [
                    [0, 0],
                    [0, 0]
                  ],
                  "o": [
                    [0, 0],
                    [0, 0]
                  ],
                  "v": [
                    [-5.238, 10.472],
                    [-5.238, -1.052]
                  ],
                  "c": false
                },
                "ix": 2
              },
              "nm": "Path 1",
              "mn": "ADBE Vector Shape - Group",
              "hd": false
            },
            {
              "ind": 1,
              "ty": "sh",
              "ix": 2,
              "ks": {
                "a": 0,
                "k": {
                  "i": [
                    [0, 0],
                    [0, 0]
                  ],
                  "o": [
                    [0, 0],
                    [0, 0]
                  ],
                  "v": [
                    [-5.238, 10.472],
                    [-9.56, 6.15]
                  ],
                  "c": false
                },
                "ix": 2
              },
              "nm": "Path 2",
              "mn": "ADBE Vector Shape - Group",
              "hd": false
            },
            {
              "ind": 2,
              "ty": "sh",
              "ix": 3,
              "ks": {
                "a": 0,
                "k": {
                  "i": [
                    [0, 0],
                    [0, 0]
                  ],
                  "o": [
                    [0, 0],
                    [0, 0]
                  ],
                  "v": [
                    [-0.917, 6.15],
                    [-5.238, 10.472]
                  ],
                  "c": false
                },
                "ix": 2
              },
              "nm": "Path 3",
              "mn": "ADBE Vector Shape - Group",
              "hd": false
            },
            { "ty": "st", "c": { "a": 0, "k": [1, 1, 1, 1], "ix": 3 }, "o": { "a": 0, "k": 100, "ix": 4 }, "w": { "a": 0, "k": 2.716, "ix": 5 }, "lc": 2, "lj": 2, "bm": 0, "nm": "Stroke 1", "mn": "ADBE Vector Graphic - Stroke", "hd": false },
            { "ty": "tr", "p": { "a": 0, "k": [0, 0], "ix": 2 }, "a": { "a": 0, "k": [0, 0], "ix": 1 }, "s": { "a": 0, "k": [100, 100], "ix": 3 }, "r": { "a": 0, "k": 0, "ix": 6 }, "o": { "a": 0, "k": 100, "ix": 7 }, "sk": { "a": 0, "k": 0, "ix": 4 }, "sa": { "a": 0, "k": 0, "ix": 5 }, "nm": "Transform" }
          ],
          "nm": "Group 1",
          "np": 4,
          "cix": 2,
          "bm": 0,
          "ix": 1,
          "mn": "ADBE Vector Group",
          "hd": false
        }
      ],
      "ip": 0,
      "op": 150,
      "st": 0,
      "bm": 0
    }
  ],
  "markers": [{ "tm": 46, "cm": "out_marker", "dr": 0 }]
}
