{"antiWhaleModifiable":"1","buyTax":"0.069999","canTakeBackOwnership":"0","cannotBuy":"0","cannotSellAll":"0","creatorAddress":"0xdbd8642fc457da6275d854571358dae55ce96d3f","creatorBalance":"66730213.545108808965321912","creatorPercent":"0.066730","dex":[{"name":"PancakeV2","liquidity":"20154.14273624","pair":"0x2528620f1e3c84afbfb20ebb3a9c69731a6efb4c"}],"externalCall":"0","hiddenOwner":"0","holderCount":"823","holders":[{"address":"0x2528620f1e3c84afbfb20ebb3a9c69731a6efb4c","tag":"PancakeV2","isContract":1,"balance":"102516866.04114848","percent":"0.102516866041148480","isLocked":0},{"address":"0x96e1772c8c86eebc4d94ecd94a5dc6e1c079bb66","tag":"","isContract":1,"balance":"85000000","percent":"0.085000000000000000","isLocked":0},{"address":"0xd692922826d11e5f99fc99801388867666532a3b","tag":"","isContract":1,"balance":"85000000","percent":"0.085000000000000000","isLocked":0},{"address":"0x7b63c866a166296deab27be7c919e940b0718c75","tag":"","isContract":1,"balance":"85000000","percent":"0.085000000000000000","isLocked":0},{"address":"0xf08759de222f44e5121be61dba92704faabb3fc9","tag":"","isContract":1,"balance":"85000000","percent":"0.085000000000000000","isLocked":0},{"address":"0xdbd8642fc457da6275d854571358dae55ce96d3f","tag":"","isContract":0,"balance":"66730213.54510881","percent":"0.066730213545108810","isLocked":0},{"address":"0xfdee93c5e70ef85c3da3ab76ceff1493fbae7d82","tag":"","isContract":0,"balance":"30000000","percent":"0.030000000000000000","isLocked":0},{"address":"0x6cd0b1476abe186043440825e1e90d3b41e9b631","tag":"","isContract":0,"balance":"18000000","percent":"0.018000000000000000","isLocked":0},{"address":"0x9356e26021e21abec01f71bb73d16ec811afd6cf","tag":"","isContract":0,"balance":"12000000","percent":"0.012000000000000000","isLocked":0},{"address":"0x328130164d0f2b9d7a52edc73b3632e713ff0ec6","tag":"","isContract":0,"balance":"11189727.84904163","percent":"0.011189727849041630","isLocked":0}],"honeypotWithSameCreator":"0","isAntiWhale":"1","isBlacklisted":"0","isHoneypot":"0","isInDex":"1","isMintable":"0","isOpenSource":"1","isProxy":"0","isWhitelisted":"0","lpHolderCount":"2","lpHolders":[{"address":"0x407993575c91ce7643a4d4ccacc9a98c36ee1bbe","tag":"PinkLock02","isContract":1,"balance":"75526.075464040879193178","percent":"0.999999999999999999","isLocked":1,"lockedDetail":[{"amount":"75526.075464040879193178","endTime":"2024-02-22T18:18:56+00:00","optTime":"2023-02-22T18:18:56+00:00"}]},{"address":"0x0000000000000000000000000000000000000000","tag":"Null Address","isContract":0,"balance":"0.000000000000001","percent":"0.000000000000000000","isLocked":1}],"lpTotalSupply":"75526.075464040879194178","ownerAddress":"0xdbd8642fc457da6275d854571358dae55ce96d3f","ownerBalance":"66730213.545108808965321912","ownerChangeBalance":"0","ownerPercent":"0.066730","personalSlippageModifiable":"0","selfdestruct":"0","sellTax":"0.06999","slippageModifiable":"1","tokenName":"Dosa","tokenSymbol":"$DOSA","totalSupply":"1000000000","tradingCooldown":"0","transferPausable":"0","risk":"low"}