[{"address":"0xbC93891CF9aBC3F8124B2eCE3727E208C4236C58","network":"bsc","decimals":18,"name":"Dosa","symbol":"DOSA","logo":"https://tokens-list.s3.eu-central-1.amazonaws.com/bsc-0xbC93891CF9aBC3F8124B2eCE3727E208C4236C58.png","links":{"website":"https://dosa.finance/","telegram":"https://t.me/DosaOfficial","twitter":"https://twitter.com/dosa_coin","twitterId":"1564978942829895682","youtube":"https://www.youtube.com/channel/UCYZZ8MCHaJ6vdRkSKFN-_EQ"},"buyFees":6.9999,"sellFees":6.999,"status":"verified","type":"ERC_20","priceDelta":-3.25305,"holders":"823","isPegged":false,"fullyDilutedMarketCap":294819.265203955,"createdAt":"2023-02-22T21:26:59.021Z","updatedAt":"2023-03-21T10:49:33.765Z","lastDeltaUpdate":"2023-04-14T13:50:20.036Z","liquidity":27954966196.064194,"usdValue":"0.00019695941481258906","numOfTrxStats":{},"rampProviders":[],"promotedAt":"2023-03-02T18:24:32.975Z","topHolders":[{"address":"0x2528620f1e3c84afbfb20ebb3a9c69731a6efb4c","percent":"0.102516866041148480","isContract":false},{"address":"0x96e1772c8c86eebc4d94ecd94a5dc6e1c079bb66","percent":"0.085000000000000000","isContract":false},{"address":"0xd692922826d11e5f99fc99801388867666532a3b","percent":"0.085000000000000000","isContract":false},{"address":"0x7b63c866a166296deab27be7c919e940b0718c75","percent":"0.085000000000000000","isContract":false},{"address":"0xf08759de222f44e5121be61dba92704faabb3fc9","percent":"0.085000000000000000","isContract":false},{"address":"0xdbd8642fc457da6275d854571358dae55ce96d3f","percent":"0.066730213545108810","isContract":false},{"address":"0xfdee93c5e70ef85c3da3ab76ceff1493fbae7d82","percent":"0.030000000000000000","isContract":false},{"address":"0x6cd0b1476abe186043440825e1e90d3b41e9b631","percent":"0.018000000000000000","isContract":false},{"address":"0x9356e26021e21abec01f71bb73d16ec811afd6cf","percent":"0.012000000000000000","isContract":false},{"address":"0x328130164d0f2b9d7a52edc73b3632e713ff0ec6","percent":"0.011189727849041630","isContract":false}]}]