[{"address":"bnb","network":"bsc","description":"Binance Coin is the cryptocurrency of the Binance platform. It is a trading platform exclusively for cryptocurrencies. The name \"Binance\" is a combination of binary and finance.\r\n\r\nThus, the startup name shows that only cryptocurrencies can be traded against each other. It is not possible to trade crypto currencies against Fiat. The platform achieved an enormous success within a very short time and is focused on worldwide market with Malta headquarters. The cryptocurrency currently has a daily trading volume of 1.5 billion - 2 billion US dollars and is still increasing.\r\n\r\nIn total, there will only be 200 million BNBs. Binance uses the ERC20 token standard from Ethereum and has distributed it as follow: 50% sold on ICO, 40% to the team and 10% to Angel investors. The coin can be used to pay fees on Binance. These include trading fees, transaction fees, listing fees and others. Binance gives you a huge discount when fees are paid in BNB. \r\n\r\nThe schedule of BNB fees discount is as follow: In the first year, 50% discount on all fees, second year 25% discount, third year 12.5% discount, fourth year 6.75 % discount, and from the fifth year onwards there is no discount. This structure is used to incentivize users to buy BNB and do trades within Binance.\r\n\r\nBinance announced in a buyback plan that it would buy back up to 100 million BNB in Q1 2018. The coins are then burned. This means that they are devaluated to increase the value of the remaining coins. This benefits investors. In the future, the cryptocurrency will remain an asset on the trading platform and will be used as gas.\r\n\r\nOther tokens that are issued by exchanges include Bibox Token, OKB, Huobi Token, and more.","decimals":18,"name":"BNB Native","symbol":"BNB","logo":"https://tokens-list.s3.eu-central-1.amazonaws.com/bsc-bnb.png","links":{"website":"https://www.binance.com/en","telegram":"https://t.me/BinanceExchange","twitter":"https://twitter.com/binance","twitterId":"877807935493033984","reddit":"https://www.reddit.com/r/binance","youtube":"https://www.youtube.com/binanceyoutube"},"buyFees":0,"sellFees":0,"status":"verified","type":"NATIVE","priceDelta":0.50189,"primaryColor":"#2B313C","secondaryColor":"#000000","blacklisted":false,"holders":1,"audit":"","isPegged":false,"marketCap":52396541403.00524,"fullyDilutedMarketCap":53089819621.39,"createdAt":"2021-11-22T19:28:53.000Z","updatedAt":"2023-03-21T13:38:02.552Z","lastDeltaUpdate":"2023-04-14T13:46:42.465Z","liquidity":0,"usdValue":"332.66822000","ath":{"daily":335.5283993393959,"monthly":null,"yearly":null,"weekly":406,"allTime":null},"atl":{"daily":273.830594550604,"monthly":0.20248471557742462,"weekly":0.20248471557742462,"allTime":293.830594550604,"yearly":293.830594550604},"volumeUsdStats":{"daily":"737547718.4988232","monthly":"22792384883.95948","yearly":"355914432628.58356","weekly":"4052737238.6490517","allTime":"1856411017858.4778"},"numOfTrxStats":{"allTime":101203447,"daily":64256,"monthly":1963712,"weekly":381793,"yearly":45517730},"rampProviders":[{"providerId":"TRANSAK","network":"bsc","symbol":"BNB","allowsBuyingToken":true,"allowsSellingToken":false,"minBuyingAmountInUsd":20,"maxBuyingAmountInUsd":20000},{"providerId":"RAMP_NETWORK","network":"BSC","symbol":"BSC_BNB","allowsBuyingToken":true,"allowsSellingToken":false,"minBuyingAmountInUsd":20,"maxBuyingAmountInUsd":20000},{"providerId":"MOONPAY","network":"binance_smart_chain","symbol":"bnb_bsc","allowsBuyingToken":true,"allowsSellingToken":true,"minBuyingAmountInUsd":20,"maxBuyingAmountInUsd":20000}]}]